<?xml version="1.0" encoding="utf-8"?>
<!DOCTYPE nta PUBLIC '-//Uppaal Team//DTD Flat System 1.1//EN' 'http://www.it.uu.se/research/group/darts/uppaal/flat-1_2.dtd'>
<nta>
	<declaration>

// constants and variable related to number of floors
const int N = 2;         // # floors
typedef int[0,N-1] id_f; // floor id from 0 to N-1



// cabin door channels and constants
chan open_door, close_door, door_open, door_closed; // channels for a door
const int door_time = 2;     // time to open or close the door



// protecting door channels and constants
chan open_pdoor[id_f], close_pdoor[id_f], pdoor_open[id_f], pdoor_closed[id_f]; // channels for a door

// engine channels
chan stop, move_down, move_up;


// floor sensors channels and constants
const int floor_time = 1; // time to travel one floor
chan start_sensors,stop_sensors,reach_floor;


// button channels
chan req[id_f];

// communications between RequestHandler and MainControl
chan go, served;

// Place global declarations here.

// The current floor of the elevator:
id_f current_floor = 0; 
// The floor to which the main control is requested to go to.
// This variable is just used for communication between the request handler and the main control.
// Therefore, we can declare it meta (i.e., not part of the state).
meta id_f target_floor;</declaration>
	<template>
		<name>engine</name>
		<location id="id0" x="16" y="-168">
			<committed/>
		</location>
		<location id="id1" x="-256" y="-168">
			<committed/>
		</location>
		<location id="id2" x="-112" y="-80">
			<committed/>
		</location>
		<location id="id3" x="-256" y="-48">
			<name x="-360" y="-80">moving_down</name>
		</location>
		<location id="id4" x="16" y="-48">
			<name x="24" y="-80">moving_up</name>
		</location>
		<location id="id5" x="-112" y="-168">
			<name x="-122" y="-198">Idle</name>
		</location>
		<init ref="id5"/>
		<transition>
			<source ref="id0"/>
			<target ref="id4"/>
			<label kind="synchronisation" x="24" y="-128">start_sensors!</label>
		</transition>
		<transition>
			<source ref="id1"/>
			<target ref="id3"/>
			<label kind="synchronisation" x="-248" y="-128">start_sensors!</label>
		</transition>
		<transition>
			<source ref="id2"/>
			<target ref="id5"/>
			<label kind="synchronisation" x="-104" y="-128">stop_sensors!</label>
		</transition>
		<transition>
			<source ref="id3"/>
			<target ref="id2"/>
			<label kind="synchronisation" x="-200" y="-72">stop?</label>
			<nail x="-216" y="-48"/>
			<nail x="-112" y="-48"/>
		</transition>
		<transition>
			<source ref="id5"/>
			<target ref="id1"/>
			<label kind="synchronisation" x="-224" y="-192">move_down?</label>
		</transition>
		<transition>
			<source ref="id4"/>
			<target ref="id2"/>
			<label kind="synchronisation" x="-64" y="-64">stop?</label>
			<nail x="-40" y="-48"/>
			<nail x="-112" y="-48"/>
		</transition>
		<transition>
			<source ref="id5"/>
			<target ref="id0"/>
			<label kind="synchronisation" x="-80" y="-192">move_up?</label>
		</transition>
	</template>
	<template>
		<name>button</name>
		<declaration>clock x;</declaration>
		<location id="id6" x="-32" y="-8">
		</location>
		<init ref="id6"/>
		<transition>
			<source ref="id6"/>
			<target ref="id6"/>
			<label kind="select" x="-48" y="-112">i : id_f</label>
			<label kind="guard" x="-48" y="-96">x &gt;=1</label>
			<label kind="synchronisation" x="-48" y="-80">req[i]!</label>
			<label kind="assignment" x="-48" y="-64">x=0</label>
			<nail x="-64" y="-48"/>
			<nail x="0" y="-48"/>
		</transition>
	</template>
	<template>
		<name>dummy_RequestHandler</name>
		<declaration>// The dummy request handler gets requests from the button.
// When these are received, they are stored in the following local variable.
id_f current_req;

// Before beginning with the assignment, you should take some time understand how a request is send from the button to the dummy request handler.
// This communication uses a parametrized channel "req". Basically, for each floor i there is a channel req[i].
// Another way of providing communication makes use of global variables.
// An example is the way the request handler sends a go signal to the main control.
// A global variable is used (target_floor, see "Declarations" of the project). When sending a go, the request handler puts a value into this global variable.
// When receiving a go, the main control takes this value and immediately sets it to zero. In UPPAAL, this is a very efficient way of encoding a synchronous communication.


// The dummy request handler can only deal with one request at a time.
// Only after the request has been served, a new request can be received.
// The first part of the task tells you how to build a FIFO request handler.
// This handler receives requests and stores them in a queue.
// The following code defines this queue.
// Size of the queue:
const int size = 5; 

// Local queue storing the requests.
id_f list[size];
int[0,size] len = 0;


// Put an element at the end of the queue
// Current allocation scheme is a FIFO
// might not be the smartest scheme but it ensures
// that all requests are served ...
// until the FIFO is full. Then it simply 
// ignores all requests. 
void enqueue(id_f element)
{
        list[len++] = element;
}

// Remove the front element of the queue
void dequeue()
{
        int i = 0;
        len -= 1;
        while (i &lt; len)
        {
                list[i] = list[i + 1];
                i++;
        }
        list[i] = 0;
}



// Returns the front element of the queue
id_f front()
{
   return list[0];
}

// Returns the last element of the queue
id_f last()
{
   return list[len - 1];
}

bool is_empty ()
{
	return len == 0;
}

bool is_full ()
{
	return len == size;
}</declaration>
		<location id="id7" x="-1608" y="-936">
		</location>
		<location id="id8" x="-1528" y="-808">
		</location>
		<location id="id9" x="-1680" y="-808">
		</location>
		<init ref="id9"/>
		<transition>
			<source ref="id7"/>
			<target ref="id8"/>
			<label kind="synchronisation" x="-1584" y="-976">go!</label>
			<label kind="assignment" x="-1584" y="-960">target_floor = current_req</label>
			<nail x="-1528" y="-936"/>
		</transition>
		<transition>
			<source ref="id9"/>
			<target ref="id7"/>
			<label kind="select" x="-1728" y="-992">i : id_f</label>
			<label kind="synchronisation" x="-1728" y="-976">req[i]?</label>
			<label kind="assignment" x="-1728" y="-960">current_req = i</label>
			<nail x="-1680" y="-936"/>
		</transition>
		<transition>
			<source ref="id8"/>
			<target ref="id9"/>
			<label kind="synchronisation" x="-1616" y="-688">served?</label>
			<nail x="-1528" y="-696"/>
			<nail x="-1680" y="-696"/>
		</transition>
	</template>
	<template>
		<name>floor_sensors</name>
		<declaration>clock x;</declaration>
		<location id="id10" x="32" y="-24">
			<name x="40" y="-72">moving</name>
			<label kind="invariant" x="40" y="-56">x &lt;= floor_time</label>
		</location>
		<location id="id11" x="-200" y="-24">
			<name x="-264" y="-16">idle</name>
		</location>
		<init ref="id11"/>
		<transition>
			<source ref="id10"/>
			<target ref="id11"/>
			<label kind="synchronisation" x="-120" y="-112">stop_sensors?</label>
			<nail x="32" y="-88"/>
			<nail x="-200" y="-88"/>
		</transition>
		<transition>
			<source ref="id10"/>
			<target ref="id10"/>
			<label kind="guard" x="136" y="-24">x &gt;= floor_time</label>
			<label kind="synchronisation" x="136" y="-8">reach_floor!</label>
			<label kind="assignment" x="136" y="8">x := 0</label>
			<nail x="128" y="-24"/>
			<nail x="128" y="32"/>
		</transition>
		<transition>
			<source ref="id11"/>
			<target ref="id10"/>
			<label kind="synchronisation" x="-128" y="-48">start_sensors?</label>
			<label kind="assignment" x="-104" y="-16">x := 0</label>
		</transition>
	</template>
	<template>
		<name>cabin_door</name>
		<declaration>clock x;</declaration>
		<location id="id12" x="-280" y="40">
			<committed/>
		</location>
		<location id="id13" x="152" y="40">
			<committed/>
		</location>
		<location id="id14" x="200" y="-232">
			<committed/>
		</location>
		<location id="id15" x="-280" y="-232">
			<committed/>
		</location>
		<location id="id16" x="200" y="-88">
			<name x="216" y="-96">closed</name>
		</location>
		<location id="id17" x="-96" y="-88">
			<name x="-80" y="-88">executing</name>
			<label kind="invariant" x="-80" y="-104">x &lt;= door_time</label>
		</location>
		<location id="id18" x="-280" y="-88">
			<name x="-328" y="-96">open</name>
		</location>
		<init ref="id16"/>
		<transition>
			<source ref="id17"/>
			<target ref="id12"/>
			<label kind="synchronisation" x="-264" y="48">pdoor_open[current_floor]?</label>
			<nail x="-104" y="40"/>
		</transition>
		<transition>
			<source ref="id13"/>
			<target ref="id17"/>
			<label kind="synchronisation" x="-56" y="48">open_pdoor[current_floor]!</label>
			<nail x="-80" y="40"/>
		</transition>
		<transition>
			<source ref="id17"/>
			<target ref="id14"/>
			<label kind="synchronisation" x="-32" y="-256">pdoor_closed[current_floor]?</label>
			<nail x="-80" y="-232"/>
		</transition>
		<transition>
			<source ref="id15"/>
			<target ref="id17"/>
			<label kind="synchronisation" x="-264" y="-256">close_pdoor[current_floor]!</label>
			<nail x="-104" y="-232"/>
		</transition>
		<transition>
			<source ref="id12"/>
			<target ref="id18"/>
			<label kind="guard" x="-392" y="-48">x &gt;= door_time</label>
			<label kind="synchronisation" x="-392" y="-32">door_open!</label>
			<label kind="assignment" x="-392" y="-16">x := 0</label>
			<nail x="-280" y="-32"/>
			<nail x="-280" y="-48"/>
		</transition>
		<transition>
			<source ref="id16"/>
			<target ref="id13"/>
			<label kind="synchronisation" x="208" y="-40">open_door?</label>
			<label kind="assignment" x="208" y="-16">x := 0</label>
			<nail x="200" y="40"/>
			<nail x="152" y="40"/>
		</transition>
		<transition>
			<source ref="id14"/>
			<target ref="id16"/>
			<label kind="guard" x="208" y="-184">x &gt;= door_time</label>
			<label kind="synchronisation" x="208" y="-168">door_closed!</label>
			<label kind="assignment" x="208" y="-152">x := 0</label>
			<nail x="200" y="-160"/>
			<nail x="200" y="-144"/>
		</transition>
		<transition>
			<source ref="id18"/>
			<target ref="id15"/>
			<label kind="synchronisation" x="-360" y="-192">close_door?</label>
			<label kind="assignment" x="-352" y="-168">x := 0</label>
			<nail x="-280" y="-160"/>
			<nail x="-280" y="-168"/>
		</transition>
	</template>
	<template>
		<name>dummy_MainControl</name>
		<declaration>id_f dest_floor = 1; // the current destination</declaration>
		<location id="id19" x="-1040" y="-256">
		</location>
		<location id="id20" x="-1160" y="-256">
			<committed/>
		</location>
		<location id="id21" x="-640" y="-256">
		</location>
		<location id="id22" x="-840" y="-256">
		</location>
		<init ref="id20"/>
		<transition>
			<source ref="id19"/>
			<target ref="id22"/>
			<label kind="synchronisation" x="-992" y="-280">door_open?</label>
		</transition>
		<transition>
			<source ref="id20"/>
			<target ref="id19"/>
			<label kind="synchronisation" x="-1136" y="-280">open_door!</label>
		</transition>
		<transition>
			<source ref="id21"/>
			<target ref="id22"/>
			<label kind="synchronisation" x="-752" y="-360">served!</label>
			<nail x="-840" y="-400"/>
		</transition>
		<transition>
			<source ref="id22"/>
			<target ref="id21"/>
			<label kind="synchronisation" x="-816" y="-280">go?</label>
			<label kind="assignment" x="-816" y="-248">dest_floor := target_floor,
target_floor := 0</label>
		</transition>
	</template>
	<template>
		<name>protecting_door</name>
		<parameter>id_f i</parameter>
		<declaration>clock x;</declaration>
		<location id="id23" x="-112" y="8">
			<name x="-144" y="24">executing_open</name>
			<label kind="invariant" x="-144" y="40">x &lt;= door_time</label>
		</location>
		<location id="id24" x="40" y="-96">
			<name x="56" y="-104">closed</name>
		</location>
		<location id="id25" x="-112" y="-120">
			<name x="-96" y="-120">executing</name>
			<label kind="invariant" x="-144" y="-104">x &lt;= door_time</label>
		</location>
		<location id="id26" x="-232" y="-104">
			<name x="-280" y="-112">open</name>
		</location>
		<init ref="id24"/>
		<transition>
			<source ref="id23"/>
			<target ref="id26"/>
			<label kind="guard" x="-352" y="-80">x &gt;= door_time</label>
			<label kind="synchronisation" x="-352" y="-64">pdoor_open[i]!</label>
			<label kind="assignment" x="-352" y="-48">x := 0</label>
			<nail x="-232" y="8"/>
			<nail x="-232" y="-80"/>
		</transition>
		<transition>
			<source ref="id24"/>
			<target ref="id23"/>
			<label kind="synchronisation" x="48" y="-64">open_pdoor[i]?</label>
			<label kind="assignment" x="48" y="-32">x := 0</label>
			<nail x="40" y="-32"/>
			<nail x="40" y="8"/>
		</transition>
		<transition>
			<source ref="id25"/>
			<target ref="id24"/>
			<label kind="guard" x="-88" y="-200">x &gt;= door_time</label>
			<label kind="synchronisation" x="-88" y="-184">pdoor_closed[i]!</label>
			<label kind="assignment" x="-88" y="-168">x := 0</label>
			<nail x="-96" y="-152"/>
			<nail x="40" y="-152"/>
		</transition>
		<transition>
			<source ref="id26"/>
			<target ref="id25"/>
			<label kind="synchronisation" x="-208" y="-192">close_pdoor[i]?</label>
			<label kind="assignment" x="-200" y="-168">x := 0</label>
			<nail x="-232" y="-152"/>
			<nail x="-128" y="-152"/>
		</transition>
	</template>
	<system>// Place template instantiations here.
//reqHandler_process = reqHandlerSimple();

//engineCtl_process = engineCtl();



// List one or more processes to be composed into a system.
system cabin_door, protecting_door,engine, floor_sensors, button, dummy_RequestHandler, dummy_MainControl;</system>
	<queries>
		<query>
			<formula>A[] not deadlock
			</formula>
			<comment>
			</comment>
		</query>
	</queries>
</nta>
